useruuid;aid;artistname;plays
00000c289a1829a808ac09c00daf10bc3c4e223b;3bd73256-3905-4f3a-97e2-8b341527f805;betty blowtorch;2137
00000c289a1829a808ac09c00daf10bc3c4e223b;f2fb0ff0-5679-42ec-a55c-15109ce6e320;die Ärzte;1099
00000c289a1829a808ac09c00daf10bc3c4e223b;b3ae82c2-e60b-4551-a76d-6620f1b456aa;melissa etheridge;897
00000c289a1829a808ac09c00daf10bc3c4e223b;3d6bbeb7-f90e-4d10-b440-e153c0d10b53;elvenking;717
00000c289a1829a808ac09c00daf10bc3c4e223b;bbd2ffd7-17f4-4506-8572-c1ea58c3f9a8;juliette & the licks;706
00000c289a1829a808ac09c00daf10bc3c4e223b;8bfac288-ccc5-448d-9573-c33ea2aa5c30;red hot chili peppers;691
00000c289a1829a808ac09c00daf10bc3c4e223b;6531c8b1-76ea-4141-b270-eb1ac5b41375;magica;545
00000c289a1829a808ac09c00daf10bc3c4e223b;21f3573f-10cf-44b3-aeaa-26cccd8448b5;the black dahlia murder;507
00000c289a1829a808ac09c00daf10bc3c4e223b;c5db90c4-580d-4f33-b364-fbaa5a3a58b5;the murmurs;424
00000c289a1829a808ac09c00daf10bc3c4e223b;0639533a-0402-40ba-b6e0-18b067198b73;lunachicks;403
00000c289a1829a808ac09c00daf10bc3c4e223b;a342964d-ca53-4e54-96dc-e8501851e77f;walls of jericho;393
00000c289a1829a808ac09c00daf10bc3c4e223b;f779ed95-66c8-4493-9f46-3967eba785a8;letzte instanz;387
00000c289a1829a808ac09c00daf10bc3c4e223b;7b885d42-3c41-4f43-9944-a5855ec5155e;goldfrapp;361
00000c289a1829a808ac09c00daf10bc3c4e223b;e000d76b-afff-4286-a5fd-7ea6405cb80f;horrorpops;358
00000c289a1829a808ac09c00daf10bc3c4e223b;adf334c2-9186-48cd-afcc-c748dd47e9b4;the butchies;329
00000c289a1829a808ac09c00daf10bc3c4e223b;7e870dd5-2667-454b-9fcf-a132dd8071f1;jack off jill;316
00000c289a1829a808ac09c00daf10bc3c4e223b;41593aa1-dda6-4a5a-af87-0eebf93e3775;babes in toyland;310
00000c289a1829a808ac09c00daf10bc3c4e223b;e8374874-4178-4869-b92e-fef6bf30dc04;dropkick murphys;302
00000c289a1829a808ac09c00daf10bc3c4e223b;295a3ae3-9e81-4cff-a36f-8d48b8fb4dcf;all:my:faults;288
00000c289a1829a808ac09c00daf10bc3c4e223b;2d67239c-aa40-4ad5-a807-9052b66857a6;le tigre;281
00000c289a1829a808ac09c00daf10bc3c4e223b;ff7f80cd-05c2-4068-a00e-fbfbd453d049;schandmaul;244
00000c289a1829a808ac09c00daf10bc3c4e223b;83998f9c-846b-4294-aede-d7735531c901;edguy;232
;;;
;;;
00000c289a1829a808ac09c00daf10bc3c4e223b;fb01635c-51fc-4cad-b71f-62e18bb3433b;maximum the hormone;231
00000c289a1829a808ac09c00daf10bc3c4e223b;3f20aae7-694e-4a37-9b82-02029cf8cd4c;all ends;229
00000c289a1829a808ac09c00daf10bc3c4e223b;ff6e677f-91dd-4986-a174-8db0474b1799;jack johnson;227
00000c289a1829a808ac09c00daf10bc3c4e223b;8000598a-5edb-401c-8e6d-36b167feaf38;eluveitie;222
00000c289a1829a808ac09c00daf10bc3c4e223b;2ee6f445-005e-40dd-8bb8-474849216a38;rasputina;220
00000c289a1829a808ac09c00daf10bc3c4e223b;8688124b-dcff-4a39-9f30-4825d445014f;london after midnight;210
00000c289a1829a808ac09c00daf10bc3c4e223b;95e1ead9-4d31-4808-a7ac-32c3614c116b;the killers;208
00000c289a1829a808ac09c00daf10bc3c4e223b;6c99c2c9-6d19-4d61-8c22-e583b911f0a3;mutyumu;205
00000c289a1829a808ac09c00daf10bc3c4e223b;6b335658-22c8-485d-93de-0bc29a1d0349;judas priest;198
00000c289a1829a808ac09c00daf10bc3c4e223b;c995a379-60b9-404b-bd97-a7e2de0751d3;rob zombie;198
00000c289a1829a808ac09c00daf10bc3c4e223b;e0ab57c6-7ba1-4dca-b36e-fae4c0c269e1;the bosshoss;189
00000c289a1829a808ac09c00daf10bc3c4e223b;c7423e0c-ab3e-4ab4-be10-cdff5a9d3062;blue Öyster cult;185
00000c289a1829a808ac09c00daf10bc3c4e223b;0fb62639-4143-443b-8779-6867a1d08230;sandra nasic;183
00000c289a1829a808ac09c00daf10bc3c4e223b;144ef525-85e9-40c3-8335-02c32d0861f3;john mayer;182
00000c289a1829a808ac09c00daf10bc3c4e223b;e36e78eb-3ace-4acd-882c-16789e700ab7;sleater-kinney;175
00000c289a1829a808ac09c00daf10bc3c4e223b;9fdaa16b-a6c4-4831-b87c-bc9ca8ce7eaa;the who;168
00000c289a1829a808ac09c00daf10bc3c4e223b;4ebed31c-4984-432c-8d78-0f08a4b169a2;disciple;154
00000c289a1829a808ac09c00daf10bc3c4e223b;e54da459-21ee-4f0c-82c3-a7379d6937e7;tanzwut;153
00000c289a1829a808ac09c00daf10bc3c4e223b;66da25f9-1534-4dd1-b88c-718bc24e1ccd;guano apes;151
00000c289a1829a808ac09c00daf10bc3c4e223b;b071f9fa-14b0-4217-8e97-eb41da73f598;the rolling stones;150
00000c289a1829a808ac09c00daf10bc3c4e223b;76e78b58-f301-4975-8058-7f84d8360738;little big town;145
00000c289a1829a808ac09c00daf10bc3c4e223b;b506d0b1-fd16-4ba0-a3dc-a20095c93024;team dresch;137
00000c289a1829a808ac09c00daf10bc3c4e223b;cb5473ba-8e02-4a76-a08e-d0887f6ecea2;betty;135
00000c289a1829a808ac09c00daf10bc3c4e223b;57111f1f-9829-45ea-bb4e-a5aba37cd1d1;l7;135
00000c289a1829a808ac09c00daf10bc3c4e223b;e9a639e2-3840-410a-bd6d-4e7bdb66734d;bif naked;134
00000c289a1829a808ac09c00daf10bc3c4e223b;ebe18ea1-9fcf-426e-9c54-10eecc207a66;girlschool;134
00000c289a1829a808ac09c00daf10bc3c4e223b;d9c90718-d54d-4ccf-a92e-37a5415ce299;the wallflowers;131
00001411dc427966b17297bf4d69e7e193135d89;e7c2d42e-b045-41b6-a391-88f4ea545185;the most serene republic;12763
00001411dc427966b17297bf4d69e7e193135d89;5aeb21a3-4606-4a0d-8369-50c768d1e99a;stars;8192
00001411dc427966b17297bf4d69e7e193135d89;2eada8f8-056a-4093-bbc2-004909ce743b;broken social scene;6413
00001411dc427966b17297bf4d69e7e193135d89;e519e012-e1a3-4592-b3f6-5a16227ab654;have heart;5361
00001411dc427966b17297bf4d69e7e193135d89;3c82a8e6-d738-41a6-bcfe-474204011472;luminous orange;5120
00001411dc427966b17297bf4d69e7e193135d89;57652bf8-cfe8-42e7-b9a7-5572a7080d8d;boris;5110
00001411dc427966b17297bf4d69e7e193135d89;ada7a83c-e3e1-40f1-93f9-3e73dbc9298a;arctic monkeys;4811
00001411dc427966b17297bf4d69e7e193135d89;78f797e3-4913-4026-aad0-1cd858bd735b;bright eyes;4283
00001411dc427966b17297bf4d69e7e193135d89;e031ae5d-db68-4e06-980b-f828fe5b40dd;coaltar of the deepers;4143
00001411dc427966b17297bf4d69e7e193135d89;c4975d06-72e9-4be4-bfd9-d7e9ae46ffe8;polar bear club;4091
00001411dc427966b17297bf4d69e7e193135d89;82b304c0-7da4-45d3-896a-0767c7ae1141;the libertines;3916
00001411dc427966b17297bf4d69e7e193135d89;92dc699f-fcbc-4278-afbe-40b5ad060a55;death from above 1979;3315
00001411dc427966b17297bf4d69e7e193135d89;ad279295-653f-42e1-9aaa-b731df2e78ba;owl city;3147
00001411dc427966b17297bf4d69e7e193135d89;cc197bad-dc9c-440d-a5b5-d52ba2e14234;coldplay;2658
00001411dc427966b17297bf4d69e7e193135d89;9fa07bb4-8312-4cd7-a19a-4fdbc5797148;okkervil river;2641
00001411dc427966b17297bf4d69e7e193135d89;451f9db1-f75f-44f9-b218-f8bdf22035a1;jim sturgess;2427
00001411dc427966b17297bf4d69e7e193135d89;11eabe0c-2638-4808-92f9-1dbd9c453429;deerhoof;2369
00001411dc427966b17297bf4d69e7e193135d89;1d5aa664-2a04-4e5f-8751-0e919e8d68f0;fear before the march of flames;2362
00001411dc427966b17297bf4d69e7e193135d89;0509d076-7e31-4f53-bad3-80ee246e23b7;breathe carolina;2259
00001411dc427966b17297bf4d69e7e193135d89;74134743-106c-47a6-bb8d-5c9efde7818c;mstrkrft;2102
00001411dc427966b17297bf4d69e7e193135d89;52074ba6-e495-4ef3-9bb4-0703888a9f68;arcade fire;1899
00001411dc427966b17297bf4d69e7e193135d89;f181961b-20f7-459e-89de-920ef03c7ed0;the strokes;1854
00001411dc427966b17297bf4d69e7e193135d89;00b952be-6c97-4880-84f9-06de584b491b;cancer bats;1703
00001411dc427966b17297bf4d69e7e193135d89;3ba1d6b6-da11-40cc-940b-60268aaf58d2;the honorary title;1682
00001411dc427966b17297bf4d69e7e193135d89;f2de9120-703f-4c72-8f69-ef56477e1c54;michio kurihara;1530
00001411dc427966b17297bf4d69e7e193135d89;c485632c-b784-4ee9-8ea1-c5fb365681fc;mgmt;1468
00001411dc427966b17297bf4d69e7e193135d89;0383dadf-2a4e-4d10-a46a-e9e041da8eb3;queen;1404
00001411dc427966b17297bf4d69e7e193135d89;432c7522-87c8-46e0-8c9e-6df1c6c09a24;the secret handshake;1384
00001411dc427966b17297bf4d69e7e193135d89;0c751690-c784-4a4f-b1e4-c1de27d47581;animal collective;1373
00001411dc427966b17297bf4d69e7e193135d89;9481db30-6467-460c-8fc4-1b6428e9265a;heavy heavy low low;1323
00001411dc427966b17297bf4d69e7e193135d89;0e0dd9da-5878-4c46-9a9a-6df43abb5c96;hot hot heat;1312
00001411dc427966b17297bf4d69e7e193135d89;8c9200b8-8e05-41d5-836e-44a37905560e;hadouken!;1254
00001411dc427966b17297bf4d69e7e193135d89;e105c272-b5d7-4135-82ef-d60bded54345;the wombats;1244
00001411dc427966b17297bf4d69e7e193135d89;98777614-2abd-4518-8631-a2bdac185442;ai aso;1232
00001411dc427966b17297bf4d69e7e193135d89;fee70326-712c-4a99-9f01-fe06a505c053;boris with michio kurihara;1034
00001411dc427966b17297bf4d69e7e193135d89;818be9a0-e5a7-4ff5-a190-98d2411d0cbf;uffie;977
00001411dc427966b17297bf4d69e7e193135d89;8a3e1c4f-59a8-457a-826c-fe961419a8ae;the last shadow puppets;961
00001411dc427966b17297bf4d69e7e193135d89;d2f4a968-1f6e-4a4a-9376-ee2b2a50c87a;boys noize;748
00001411dc427966b17297bf4d69e7e193135d89;3ac482b8-1494-4071-a0e9-f192f9d2c2b0;built to spill;731
00001411dc427966b17297bf4d69e7e193135d89;1595addf-f76b-450a-a097-af852ff35f27;nujabes;707
00001411dc427966b17297bf4d69e7e193135d89;9fdd9163-9824-413e-91ad-d01e561b4078;the rocket summer;691
00001411dc427966b17297bf4d69e7e193135d89;c8a9ae11-63bf-409b-8bf3-a96b3712a2ff;little dragon;672
00001411dc427966b17297bf4d69e7e193135d89;2f8e3e49-5894-4713-a776-f1f2c3629816;boris with merzbow;636
00001411dc427966b17297bf4d69e7e193135d89;ffb18e19-64a4-4a65-b4ce-979e00c3c69d;the album leaf;622
00001411dc427966b17297bf4d69e7e193135d89;6f2f87e7-3ce9-4f1c-81dd-6f068a78cf26;the microphones;606
00001411dc427966b17297bf4d69e7e193135d89;69ec6867-bda0-404b-bac4-338df8d73723;simian mobile disco;603
00001411dc427966b17297bf4d69e7e193135d89;5f6be871-eb98-42f1-bce4-5a3d8212c281;m.i.a.;589
00001411dc427966b17297bf4d69e7e193135d89;0039c7ae-e1a7-4a7d-9b49-0cbc716821a6;death cab for cutie;587
00001411dc427966b17297bf4d69e7e193135d89;4ac4e32b-bd18-402e-adad-ae00e72f8d85;patrick wolf;564
00001411dc427966b17297bf4d69e7e193135d89;2c916f95-f6ba-46fa-b9d8-dc0d9379f603;the fiery furnaces;543
00001411dc427966b17297bf4d69e7e193135d89;7b52603c-a84c-4a76-8dc8-899bb4dd9fa7;digitalism;505
00004d2ac9316e22dc007ab2243d6fcb239e707d;944655bc-16b1-48d2-b4ff-f73654612fcf;current 93;853
00004d2ac9316e22dc007ab2243d6fcb239e707d;c16fbb7e-57b1-462c-97c5-bd0e11248765;coil;567
00004d2ac9316e22dc007ab2243d6fcb239e707d;59f8af87-4640-46d6-acdd-704fcebc0d40;andrew liles;248
00004d2ac9316e22dc007ab2243d6fcb239e707d;a270b68f-6bb5-41ba-ae7f-7b501e4797a5;six organs of admittance;242
00004d2ac9316e22dc007ab2243d6fcb239e707d;9a22fc7b-ad7f-4c70-9e0f-4d40cd7562cd;16 horsepower;225
00004d2ac9316e22dc007ab2243d6fcb239e707d;310e4c19-d810-42f1-947f-76889e8bfcf2;angels of light;224
00004d2ac9316e22dc007ab2243d6fcb239e707d;38f0dd4f-bcbb-4e7a-afae-a41a2bbf9d74;the legendary pink dots;204
00004d2ac9316e22dc007ab2243d6fcb239e707d;e754303f-655e-41f4-9dbe-b11b5614bd3d;charalambides;193
00004d2ac9316e22dc007ab2243d6fcb239e707d;90fc1dbf-7590-4aba-94b6-99a7ea4c17cf;festival;167
00004d2ac9316e22dc007ab2243d6fcb239e707d;29f997d3-c5dc-4730-a64d-87240ca12f2c;fern knight;137
00004d2ac9316e22dc007ab2243d6fcb239e707d;172e1f1a-504d-4488-b053-6344ba63e6d0;nick cave & the bad seeds;135
00004d2ac9316e22dc007ab2243d6fcb239e707d;04da97fa-771b-4010-bad9-6f5cd9ee9ec0;fovea hex;121
00004d2ac9316e22dc007ab2243d6fcb239e707d;d3b12fb1-0a1d-4e4d-b84b-76765ee3dc28;amanda rogers;119
00004d2ac9316e22dc007ab2243d6fcb239e707d;41eecc74-40a4-4b9e-93ab-0a1bedd22810;lux interna;114
00004d2ac9316e22dc007ab2243d6fcb239e707d;99de0440-9936-46a6-9324-ede040f1e09e;nalle;110
00004d2ac9316e22dc007ab2243d6fcb239e707d;90cc2464-234e-4da0-b39b-576f36e633bc;antony and the johnsons;107
00004d2ac9316e22dc007ab2243d6fcb239e707d;06ae569e-0b5b-4cd7-aded-98c3ad743ca3;marissa nadler;107
00004d2ac9316e22dc007ab2243d6fcb239e707d;54a55229-e611-439f-928e-d89919ff9d29;a silver mt. zion;106
00004d2ac9316e22dc007ab2243d6fcb239e707d;6e9ac29b-798c-4af7-8d9e-55cdc72a999c;einstürzende neubauten;105
00004d2ac9316e22dc007ab2243d6fcb239e707d;d67e6b0a-d2c6-4e4a-ba30-7834701535a1;marc almond;105
00004d2ac9316e22dc007ab2243d6fcb239e707d;b6fd87b6-c2ce-4241-a11f-fea34a9bd028;mariee sioux;100
00004d2ac9316e22dc007ab2243d6fcb239e707d;87c5dedd-371d-4a53-9f7f-80522fb7f3cb;björk;99
00004d2ac9316e22dc007ab2243d6fcb239e707d;c139d092-9457-40ec-8130-e11d4cbcfb56;bill fay;92
00004d2ac9316e22dc007ab2243d6fcb239e707d;ac18f936-0086-4bd1-a8ea-629e2c35a906;nurse with wound;88
00004d2ac9316e22dc007ab2243d6fcb239e707d;85235e76-ab2e-4c4b-98c3-b95ace886983;baby dee;71
00004d2ac9316e22dc007ab2243d6fcb239e707d;b5787b3c-cc35-44eb-ba7a-5746c562383c;ghq;71
00004d2ac9316e22dc007ab2243d6fcb239e707d;6dd4abcc-0321-4ac0-b3bf-0a9422c450d9;daniel higgs;67
00004d2ac9316e22dc007ab2243d6fcb239e707d;3b9a56f3-9f6c-4896-b4d1-c725a6949b29;flairck;66
00004d2ac9316e22dc007ab2243d6fcb239e707d;52adfa3f-a578-4b86-8aaa-3b35d25bf91d;jack rose;66
00004d2ac9316e22dc007ab2243d6fcb239e707d;e45cc18b-8cda-423b-8763-91e0303614e3;castanets;64
00004d2ac9316e22dc007ab2243d6fcb239e707d;8c8f9dac-47fd-4f83-a54d-87137cf2bed3;john jacob niles;57
00004d2ac9316e22dc007ab2243d6fcb239e707d;41329429-ea2b-4227-b6fb-1f7b5f588f06;the revolutionary army of the infant jesus;57
00004d2ac9316e22dc007ab2243d6fcb239e707d;ffc1df1a-8cfb-4c34-adfa-b63cb7cfd36b;carter tutti;56
00004d2ac9316e22dc007ab2243d6fcb239e707d;215b253c-fdbb-47d9-a564-ca7781e2fbdc;the one ensemble;55
00004d2ac9316e22dc007ab2243d6fcb239e707d;17c550d0-3dd0-4390-b01a-ba43a02095c2;orion rigel dommisse;54
00004d2ac9316e22dc007ab2243d6fcb239e707d;7018122c-11ee-4687-b711-48bab2e6a490;jocelyn pook;53
00004d2ac9316e22dc007ab2243d6fcb239e707d;46e8a8ee-d2cd-4165-9725-02f72d0027a9;matmos;53
00004d2ac9316e22dc007ab2243d6fcb239e707d;7d209631-ccb8-4a87-8516-64abe4c22dba;ulver;52
00004d2ac9316e22dc007ab2243d6fcb239e707d;d735497b-25f9-4503-8fb5-f50150730c18;ane brun;51
00004d2ac9316e22dc007ab2243d6fcb239e707d;c7b2bcd6-827f-4a09-a914-8a23ce137475;soisong;51
00004d2ac9316e22dc007ab2243d6fcb239e707d;b7cef615-5d43-463f-9032-5d3bc0d96b7f;a hawk and a hacksaw;45
00004d2ac9316e22dc007ab2243d6fcb239e707d;13a77373-762b-409e-8d7f-1005c5239ef7;frank london;45
00004d2ac9316e22dc007ab2243d6fcb239e707d;8d936df1-9da6-4b11-87c3-7bb8fd8a62c4;michael gira;44
00004d2ac9316e22dc007ab2243d6fcb239e707d;1b9ddfca-2a5c-438b-9457-720cc51f93a3;larkin grimm;43
00004d2ac9316e22dc007ab2243d6fcb239e707d;a923f346-af54-4404-a170-82dd64ce1fb6;pelt;41
00004d2ac9316e22dc007ab2243d6fcb239e707d;73dc215e-1fb3-4296-9f77-1bedaa7665f2;jean parlette;40
000063d3fe1cf2ba248b9e3c3f0334845a27a6bf;c14b4180-dc87-481e-b17a-64e4150f90f6;opeth;106
000063d3fe1cf2ba248b9e3c3f0334845a27a6bf;af8e4cc5-ef54-458d-a194-7b210acf638f;cannibal corpse;48
000063d3fe1cf2ba248b9e3c3f0334845a27a6bf;eaaee2c2-0851-43a2-84c8-0198135bc3a8;elis;31
000063d3fe1cf2ba248b9e3c3f0334845a27a6bf;d3ff3c70-c897-433d-899c-b838670fcb12;amoral;29
000063d3fe1cf2ba248b9e3c3f0334845a27a6bf;5b687684-ad34-4a9f-b425-0e7aa81fbd38;amon amarth;26
000063d3fe1cf2ba248b9e3c3f0334845a27a6bf;985c5cc9-2dc1-49ac-8806-5b66586a2d58;riverside;24
000063d3fe1cf2ba248b9e3c3f0334845a27a6bf;9d30e408-1559-448b-b491-2f8de1583ccf;dark tranquillity;17
000063d3fe1cf2ba248b9e3c3f0334845a27a6bf;1e1ebd69-65e9-45aa-8a8f-0930a53cc7ee;atrocity;16
000063d3fe1cf2ba248b9e3c3f0334845a27a6bf;b7226a54-4ae2-45e7-a5e4-2f2800475edb;kromlek;16
000063d3fe1cf2ba248b9e3c3f0334845a27a6bf;2449300a-6ca7-45da-8102-22789d256475;kamelot;14
000063d3fe1cf2ba248b9e3c3f0334845a27a6bf;d2c2707a-e9d5-443f-9112-23cb2f42d553;novembers doom;14
000063d3fe1cf2ba248b9e3c3f0334845a27a6bf;72ae540c-514f-4c05-b05d-e6297e0ce4da;poe;14
000063d3fe1cf2ba248b9e3c3f0334845a27a6bf;;rock universal;14
000063d3fe1cf2ba248b9e3c3f0334845a27a6bf;d1353a0c-26fb-4318-a116-defde9c7c9ad;dido;13
000063d3fe1cf2ba248b9e3c3f0334845a27a6bf;8c32bb01-58a3-453b-8050-8c0620edb0e5;stone temple pilots;12
000063d3fe1cf2ba248b9e3c3f0334845a27a6bf;020bfbb4-05c3-4c86-b372-17825c262094;audioslave;11
000063d3fe1cf2ba248b9e3c3f0334845a27a6bf;61ed9c9c-79eb-4e8f-8015-bd599ac0ab49;katatonia;11
000063d3fe1cf2ba248b9e3c3f0334845a27a6bf;166ef05e-53f7-44b8-a5d5-3944c188e12d;ark;10
000063d3fe1cf2ba248b9e3c3f0334845a27a6bf;51d51dbe-b13a-4169-a3f6-c9f6c8b9908a;circus maximus;10
000063d3fe1cf2ba248b9e3c3f0334845a27a6bf;17167af8-c1da-45cc-bba2-9d23f068b7a3;dimmu borgir;10
000063d3fe1cf2ba248b9e3c3f0334845a27a6bf;dbb3b771-ae77-4381-b61c-758b5b7898ec;death;9
000063d3fe1cf2ba248b9e3c3f0334845a27a6bf;56956605-de13-467a-9348-1a92ee2bc27b;månegarm;9
000063d3fe1cf2ba248b9e3c3f0334845a27a6bf;d7381ee3-d8ac-4622-ae9a-7e659143eacb;cynic;8
000063d3fe1cf2ba248b9e3c3f0334845a27a6bf;50eec634-7c42-41ee-9b1f-b41d9ca28b26;korpiklaani;8
000063d3fe1cf2ba248b9e3c3f0334845a27a6bf;2f04ad1f-9f97-41d0-a09c-59c40dfe9cd1;my dying bride;8
000063d3fe1cf2ba248b9e3c3f0334845a27a6bf;53f5c37f-8516-46d4-b66e-bf008cea9433;brujeria;7
000063d3fe1cf2ba248b9e3c3f0334845a27a6bf;3d46727d-9367-47b8-8b8b-f7b6767f7d57;agalloch;6
000063d3fe1cf2ba248b9e3c3f0334845a27a6bf;4bd95eea-b9f6-4d70-a36c-cfea77431553;alice in chains;6
000063d3fe1cf2ba248b9e3c3f0334845a27a6bf;24f1766e-9635-4d58-a4d4-9413f9f98a4c;johann sebastian bach;6
000063d3fe1cf2ba248b9e3c3f0334845a27a6bf;8d5291bc-e960-428a-9004-b5ab9c171dd2;kalmah;6
000063d3fe1cf2ba248b9e3c3f0334845a27a6bf;d5f106bf-f24a-43e0-a0af-73bc8cb81081;farmakon;5
000063d3fe1cf2ba248b9e3c3f0334845a27a6bf;f57e14e4-b030-467c-b202-539453f504ec;children of bodom;4
000063d3fe1cf2ba248b9e3c3f0334845a27a6bf;ef58d4c9-0d40-42ba-bfab-9186c1483edd;dragonforce;4
000063d3fe1cf2ba248b9e3c3f0334845a27a6bf;7b2f87f6-db90-464e-a27a-deb4f7219e90;dredg;4
000063d3fe1cf2ba248b9e3c3f0334845a27a6bf;8f60a47c-015b-4b70-957c-0871347d1b1d;green carnation;4
000063d3fe1cf2ba248b9e3c3f0334845a27a6bf;f7c65346-9631-4220-9188-5e90baae58d5;pain of salvation;4
000063d3fe1cf2ba248b9e3c3f0334845a27a6bf;4e0dffde-ad2d-45b7-9c75-d57ce55de061;rhapsody of fire;4
000063d3fe1cf2ba248b9e3c3f0334845a27a6bf;20883363-1ea4-4d72-ad72-c0e767038f3e;the mars volta;4
000063d3fe1cf2ba248b9e3c3f0334845a27a6bf;66fc5bf8-daa4-4241-b378-9bc9077939d2;tool;4
000063d3fe1cf2ba248b9e3c3f0334845a27a6bf;e631bb92-3e2b-43e3-a2cb-b605e2fb53bd;arch enemy;3
000063d3fe1cf2ba248b9e3c3f0334845a27a6bf;35f92c4a-69d0-4ed1-ab9e-05259db89d14;at the gates;3
000063d3fe1cf2ba248b9e3c3f0334845a27a6bf;8b8ab7a4-add8-4353-a586-e1086e521af8;compay segundo;3
000063d3fe1cf2ba248b9e3c3f0334845a27a6bf;6e64cbfa-1a60-450e-81f4-c044c868ab24;ensiferum;3
000063d3fe1cf2ba248b9e3c3f0334845a27a6bf;320112c6-9a63-4c2b-b0cc-d2b88fce290a;naglfar;3
000063d3fe1cf2ba248b9e3c3f0334845a27a6bf;7d093650-89be-4108-842b-ba7f5367504b;nevermore;3
000063d3fe1cf2ba248b9e3c3f0334845a27a6bf;02fc3032-e491-46b8-8742-9859e4906dcc;old mans child;3
000063d3fe1cf2ba248b9e3c3f0334845a27a6bf;66e6a03d-3306-4508-9eaf-40be9527b4f7;shade empire;3
000063d3fe1cf2ba248b9e3c3f0334845a27a6bf;cc0b7089-c08d-4c10-b6b0-873582c17fd6;system of a down;3
000063d3fe1cf2ba248b9e3c3f0334845a27a6bf;7e482754-d3f6-49e5-b351-235849754e26;tristania;3
00007a47085b9aab8af55f52ec8846ac479ac4fe;0110e63e-0a9b-4818-af8e-41e180c20b9a;devendra banhart;456
00007a47085b9aab8af55f52ec8846ac479ac4fe;69158f97-4c07-4c4e-baf8-4e4ab1ed666e;boards of canada;407
00007a47085b9aab8af55f52ec8846ac479ac4fe;e162b2eb-6a42-4240-8c1b-c94d9a0acb73;cocorosie;386
00007a47085b9aab8af55f52ec8846ac479ac4fe;f22942a1-6f70-4f48-866e-238cb2308fbd;aphex twin;213
00007a47085b9aab8af55f52ec8846ac479ac4fe;0c751690-c784-4a4f-b1e4-c1de27d47581;animal collective;203
00007a47085b9aab8af55f52ec8846ac479ac4fe;ef954679-5ee7-4016-acef-7ac71f2fa3d8;atmosphere;189
00007a47085b9aab8af55f52ec8846ac479ac4fe;cb69e1f1-bc76-4df5-93c9-cf97dd8a3b5c;joanna newsom;184
00007a47085b9aab8af55f52ec8846ac479ac4fe;cb67438a-7f50-4f2b-a6f1-2bb2729fd538;air;178
00007a47085b9aab8af55f52ec8846ac479ac4fe;8f6bd1e4-fbe1-4f50-aa9b-94c450ec0f11;portishead;162
00007a47085b9aab8af55f52ec8846ac479ac4fe;10adbe5e-a2c0-4bf3-8249-2b4cbf6e6ca8;massive attack;149
00007a47085b9aab8af55f52ec8846ac479ac4fe;2eada8f8-056a-4093-bbc2-004909ce743b;broken social scene;144
00007a47085b9aab8af55f52ec8846ac479ac4fe;52074ba6-e495-4ef3-9bb4-0703888a9f68;arcade fire;143
00007a47085b9aab8af55f52ec8846ac479ac4fe;7e54d133-2525-4bc0-ae94-65584145a386;plaid;133
00007a47085b9aab8af55f52ec8846ac479ac4fe;ce5ddfcd-bd2e-487a-b06a-cae007dc112e;fog;132
00007a47085b9aab8af55f52ec8846ac479ac4fe;fc61dd75-880b-44ba-9ba9-c7b643d33413;prefuse 73;121
00007a47085b9aab8af55f52ec8846ac479ac4fe;6d7b7cd4-254b-4c25-83f6-dd20f98ceacd;m83;118
00007a47085b9aab8af55f52ec8846ac479ac4fe;24786816-025f-49f4-9787-4945a3311f96;the flashbulb;118
00007a47085b9aab8af55f52ec8846ac479ac4fe;36bfa85f-737b-41db-a8fc-b8825850ffc3;pavement;117
00007a47085b9aab8af55f52ec8846ac479ac4fe;7b885d42-3c41-4f43-9944-a5855ec5155e;goldfrapp;109
00007a47085b9aab8af55f52ec8846ac479ac4fe;630662ea-1c7d-4208-99fd-ba3afec20f0c;amon tobin;106
00007a47085b9aab8af55f52ec8846ac479ac4fe;c8fc1732-d191-4a29-a33a-410f98eff13b;sage francis;106
00007a47085b9aab8af55f52ec8846ac479ac4fe;3bcff06f-675a-451f-9075-99e8657047e8;four tet;100
00007a47085b9aab8af55f52ec8846ac479ac4fe;e0b267df-9e16-4fd3-abb2-b47e61e7a2aa;brother ali;96
00007a47085b9aab8af55f52ec8846ac479ac4fe;509f20b2-5df3-4aec-9bbc-002131fb3f99;max richter;94
00007a47085b9aab8af55f52ec8846ac479ac4fe;5dc8a187-443d-4fb2-a0fc-209ef241b9ce;why?;91
00007a47085b9aab8af55f52ec8846ac479ac4fe;410c9baf-5469-44f6-9852-826524b80c61;autechre;86
00007a47085b9aab8af55f52ec8846ac479ac4fe;a74b1b7f-71a5-4011-9441-d0b5e4122711;radiohead;86
00007a47085b9aab8af55f52ec8846ac479ac4fe;7b05d6fe-91e8-4cb9-a401-2a13b1578716;susumu yokota;85
00007a47085b9aab8af55f52ec8846ac479ac4fe;7756e3dc-f44c-4678-a7bc-d1b31204a963;electrelane;84
00007a47085b9aab8af55f52ec8846ac479ac4fe;a506f761-2c22-4b2f-8a94-bd748c2c8f75;neutral milk hotel;83
00007a47085b9aab8af55f52ec8846ac479ac4fe;0a77bec1-12ef-4caa-b36a-f533001fcd29;bent;81
00007a47085b9aab8af55f52ec8846ac479ac4fe;328068c9-ee60-408e-8c24-b1dc1ae08b94;vetiver;80
00007a47085b9aab8af55f52ec8846ac479ac4fe;b3ea59b7-d50b-4f23-bda4-bf6c65010b61;k-the-i???;78
00007a47085b9aab8af55f52ec8846ac479ac4fe;6f2f87e7-3ce9-4f1c-81dd-6f068a78cf26;the microphones;77
00007a47085b9aab8af55f52ec8846ac479ac4fe;8663919f-922c-4ef0-b513-8ab2e51521a1;illogic;76
00007a47085b9aab8af55f52ec8846ac479ac4fe;2a9ea5bf-fc08-4fbc-ab73-17afa7906a52;annie;75
00007a47085b9aab8af55f52ec8846ac479ac4fe;aaae25bf-c794-45d7-bab7-cdc7c655bfa6;broadcast;75
00007a47085b9aab8af55f52ec8846ac479ac4fe;9beb62b2-88db-4cea-801e-162cd344ee53;beastie boys;74
00007a47085b9aab8af55f52ec8846ac479ac4fe;aba64937-3334-4c65-90a1-4e6b9d4d7ada;aesop rock;72
00007a47085b9aab8af55f52ec8846ac479ac4fe;188711ed-c99b-439c-844a-ca831f63a727;mf doom;71
00007a47085b9aab8af55f52ec8846ac479ac4fe;1270af14-9c17-4400-8ebb-3f0ac40dcfb0;the books;70
00007a47085b9aab8af55f52ec8846ac479ac4fe;9f9953f0-68bb-4ce3-aace-2f44c87f0aa3;bibio;69
00007a47085b9aab8af55f52ec8846ac479ac4fe;7b16e4ca-a204-4158-8293-20cb44c11d88;rachel's;69
00007a47085b9aab8af55f52ec8846ac479ac4fe;b91f0973-002e-4237-a39f-c7e02e786e53;architecture in helsinki;68
00007a47085b9aab8af55f52ec8846ac479ac4fe;037bb92d-efd5-48d9-b197-3ce699067e3c;bola;68
00007a47085b9aab8af55f52ec8846ac479ac4fe;270ab891-a8f7-4887-b5b2-7d8e95172a59;isan;68
00007a47085b9aab8af55f52ec8846ac479ac4fe;;apes & androids;67
00007a47085b9aab8af55f52ec8846ac479ac4fe;2b64e811-cbcd-45f7-b29d-296444cad4f1;múm;67
00007a47085b9aab8af55f52ec8846ac479ac4fe;03ad1736-b7c9-412a-b442-82536d63a5c4;elliott smith;66
00007a47085b9aab8af55f52ec8846ac479ac4fe;735e3514-a8ae-401f-af3b-6300df1b8d2c;caribou;65
0000c176103e538d5c9828e695fed4f7ae42dd01;a74b1b7f-71a5-4011-9441-d0b5e4122711;radiohead;2417
0000c176103e538d5c9828e695fed4f7ae42dd01;4883523d-fc0e-4d0d-802c-91379e767083;the hold steady;1955
0000c176103e538d5c9828e695fed4f7ae42dd01;d700b3f5-45af-4d02-95ed-57d301bda93e;mogwai;1480
0000c176103e538d5c9828e695fed4f7ae42dd01;69158f97-4c07-4c4e-baf8-4e4ab1ed666e;boards of canada;1115
0000c176103e538d5c9828e695fed4f7ae42dd01;444f2191-8841-440e-bbc1-6fd564893946;justice;1094
0000c176103e538d5c9828e695fed4f7ae42dd01;78f797e3-4913-4026-aad0-1cd858bd735b;bright eyes;1039
0000c176103e538d5c9828e695fed4f7ae42dd01;3bcff06f-675a-451f-9075-99e8657047e8;four tet;1022
0000c176103e538d5c9828e695fed4f7ae42dd01;630662ea-1c7d-4208-99fd-ba3afec20f0c;amon tobin;944
0000c176103e538d5c9828e695fed4f7ae42dd01;f6f2326f-6b25-4170-b89d-e235b25508e8;sigur rós;763
0000c176103e538d5c9828e695fed4f7ae42dd01;0cdb0359-5698-487d-9aae-a25fb4dcdc4d;clutch;754
0000c176103e538d5c9828e695fed4f7ae42dd01;42e49814-6058-431c-80e2-a3aab424060d;white denim;748
0000c176103e538d5c9828e695fed4f7ae42dd01;8a396a9c-2e4f-47e2-a587-c26e93a0953f;the go! team;712
0000c176103e538d5c9828e695fed4f7ae42dd01;b10bbbfc-cf9e-42e0-be17-e2c3e1d2600d;the beatles;704
0000c176103e538d5c9828e695fed4f7ae42dd01;82dc508a-dbda-4954-aedc-28895edfa42e;2 many dj's;647
0000c176103e538d5c9828e695fed4f7ae42dd01;eb872766-98f6-453d-883f-2ae908a18315;tv on the radio;597
0000c176103e538d5c9828e695fed4f7ae42dd01;66fc5bf8-daa4-4241-b378-9bc9077939d2;tool;480
0000c176103e538d5c9828e695fed4f7ae42dd01;ea0f2a37-7007-4217-a812-396227f5013a;kyuss;478
0000c176103e538d5c9828e695fed4f7ae42dd01;efa2c11a-1a35-4b60-bc1b-66d37de88511;dj shadow;410
0000c176103e538d5c9828e695fed4f7ae42dd01;cb67438a-7f50-4f2b-a6f1-2bb2729fd538;air;385
0000c176103e538d5c9828e695fed4f7ae42dd01;9689aa5a-4471-4fb4-9721-07cecda0fa9f;a tribe called quest;367
0000c176103e538d5c9828e695fed4f7ae42dd01;7c158ea8-c0aa-410e-bdc1-20bba9759577;the cinematic orchestra;366
0000c176103e538d5c9828e695fed4f7ae42dd01;309c62ba-7a22-4277-9f67-4a162526d18a;beck;332
0000c176103e538d5c9828e695fed4f7ae42dd01;437a0e49-c6ae-42f6-a6c1-84f25ed366bc;bon iver;313
0000c176103e538d5c9828e695fed4f7ae42dd01;1c70a3fc-fa3c-4be1-8b55-c3192db8a884;röyksopp;311
0000c176103e538d5c9828e695fed4f7ae42dd01;8cc8eb33-616e-4392-9fe5-28b1fd15adad;rex the dog;300
0000c176103e538d5c9828e695fed4f7ae42dd01;9a709693-b4f8-4da9-8cc1-038c911a61be;bonobo;296
0000c176103e538d5c9828e695fed4f7ae42dd01;4a00ec9d-c635-463a-8cd4-eb61725f0c60;deadmau5;295
0000c176103e538d5c9828e695fed4f7ae42dd01;97b1142f-c71e-4971-8736-4a8ceaf6b4c3;the decemberists;283
0000c176103e538d5c9828e695fed4f7ae42dd01;60dd41cf-8f9d-46d8-bc19-dc7e5acb24c8;earth;282
0000c176103e538d5c9828e695fed4f7ae42dd01;a66999a7-ae5c-460e-ba94-1a01143ae847;snow patrol;278
0000c176103e538d5c9828e695fed4f7ae42dd01;8522b9b6-b295-48d7-9a10-8618fb80beb8;battles;270
0000c176103e538d5c9828e695fed4f7ae42dd01;93eb7110-0bc9-4d3f-816b-4b52ef982ec8;metronomy;268
0000c176103e538d5c9828e695fed4f7ae42dd01;65323ae4-1a49-497f-8f58-ae42b6c05eb6;dj format;247
0000c176103e538d5c9828e695fed4f7ae42dd01;4a4ee089-93b1-4470-af9a-6ff575d32704;the prodigy;234
0000c176103e538d5c9828e695fed4f7ae42dd01;4cbbf0d6-6c78-4e3d-ab25-91b13603cf7c;lemon jelly;233
0000c176103e538d5c9828e695fed4f7ae42dd01;83d91898-7763-47d7-b03b-b92132375c47;pink floyd;217
0000c176103e538d5c9828e695fed4f7ae42dd01;1a120ec5-35b3-4f3e-aa49-7201550d9feb;rjd2;217
0000c176103e538d5c9828e695fed4f7ae42dd01;1f43d76f-8edf-44f6-aaf1-b65f05ad9402;the flaming lips;215
0000c176103e538d5c9828e695fed4f7ae42dd01;c8d0a9fc-f547-4113-87f1-e7e029b58d6f;alasdair fraser & paul machlis;211
0000c176103e538d5c9828e695fed4f7ae42dd01;daeec599-bf5d-4428-994a-e76ba5f86e2f;passion pit;208
0000c176103e538d5c9828e695fed4f7ae42dd01;4342cf80-7c06-4402-a431-457e77310474;holy fuck;205
0000c176103e538d5c9828e695fed4f7ae42dd01;f27ec8db-af05-4f36-916e-3d57f91ecf5e;michael jackson;203
0000c176103e538d5c9828e695fed4f7ae42dd01;c485632c-b784-4ee9-8ea1-c5fb365681fc;mgmt;199
0000c176103e538d5c9828e695fed4f7ae42dd01;b071f9fa-14b0-4217-8e97-eb41da73f598;the rolling stones;198
0000c176103e538d5c9828e695fed4f7ae42dd01;e3e4e534-30cd-4979-bcc5-a75c49802f57;late of the pier;197
0000c176103e538d5c9828e695fed4f7ae42dd01;1f574ab1-a46d-4586-9331-f0ded23e0411;flight of the conchords;192
0000c176103e538d5c9828e695fed4f7ae42dd01;69ec6867-bda0-404b-bac4-338df8d73723;simian mobile disco;192
0000c176103e538d5c9828e695fed4f7ae42dd01;9c9f1380-2516-4fc9-a3e6-f9f61941d090;muse;186
0000c176103e538d5c9828e695fed4f7ae42dd01;bd13909f-1c29-4c27-a874-d4aaf27c5b1a;fleetwood mac;184
0000c176103e538d5c9828e695fed4f7ae42dd01;678d88b2-87b0-403b-b63d-5da7465aecc3;led zeppelin;181
0000ee7dd906373efa37f4e1185bfe1e3f8695ae;f74c7996-4c0b-4ebd-b1e7-219e21c41286;stam1na;758
0000ee7dd906373efa37f4e1185bfe1e3f8695ae;28503ab7-8bf2-4666-a7bd-2644bfc7cb1d;dream theater;572
0000ee7dd906373efa37f4e1185bfe1e3f8695ae;66c662b6-6e2f-4930-8610-912e24c63ed1;ac/dc;554
0000ee7dd906373efa37f4e1185bfe1e3f8695ae;65f4f0c5-ef9e-490c-aee3-909e7ae6b2ab;metallica;473
0000ee7dd906373efa37f4e1185bfe1e3f8695ae;ca891d65-d9b0-4258-89f7-e6ba29d83767;iron maiden;471
0000ee7dd906373efa37f4e1185bfe1e3f8695ae;c296e10c-110a-4103-9e77-47bfebb7fb2e;bob marley & the wailers;447
0000ee7dd906373efa37f4e1185bfe1e3f8695ae;a9044915-8be3-4c7e-b11f-9e2d2ea0a91e;megadeth;255
0000ee7dd906373efa37f4e1185bfe1e3f8695ae;f57e14e4-b030-467c-b202-539453f504ec;children of bodom;247
0000ee7dd906373efa37f4e1185bfe1e3f8695ae;1f5ff245-2837-4d4a-a609-e93e544478c3;trivium;244
0000ee7dd906373efa37f4e1185bfe1e3f8695ae;00376321-ce0f-4bd7-a98f-fcabdbf06ea7;raappana;227
0000ee7dd906373efa37f4e1185bfe1e3f8695ae;00a9f935-ba93-4fc8-a33a-993abe9c936b;nightwish;189
0000ee7dd906373efa37f4e1185bfe1e3f8695ae;44f49e8d-125c-47d4-bab1-37a8a46c5eb9;kotiteollisuus;160
0000ee7dd906373efa37f4e1185bfe1e3f8695ae;51d51dbe-b13a-4169-a3f6-c9f6c8b9908a;circus maximus;156
0000ee7dd906373efa37f4e1185bfe1e3f8695ae;95f5b748-d370-47fe-85bd-0af2dc450bc0;sublime;136
0000ee7dd906373efa37f4e1185bfe1e3f8695ae;63e166d4-b490-48d1-84f7-c19b45c503de;viikate;136
0000ee7dd906373efa37f4e1185bfe1e3f8695ae;4753fcb7-9270-493a-974d-8daca4e49125;volbeat;133
0000ee7dd906373efa37f4e1185bfe1e3f8695ae;eeb1195b-f213-4ce1-b28c-8565211f8e43;guns n' roses;125
0000ee7dd906373efa37f4e1185bfe1e3f8695ae;5dcdb5eb-cb72-4e6e-9e63-b7bace604965;bon jovi;101
0000ee7dd906373efa37f4e1185bfe1e3f8695ae;c55193fb-f5d2-4839-a263-4c044fca1456;dio;101
0000ee7dd906373efa37f4e1185bfe1e3f8695ae;c97c748f-d375-41a6-875d-25843f73ba6f;soldiers of jah army;101
0000ee7dd906373efa37f4e1185bfe1e3f8695ae;c3cceeed-3332-4cf0-8c4c-bbde425147b6;scorpions;97
0000ee7dd906373efa37f4e1185bfe1e3f8695ae;9d59f45d-72e0-4992-abe0-56c66f97b911;teräsbetoni;95
0000ee7dd906373efa37f4e1185bfe1e3f8695ae;ef58d4c9-0d40-42ba-bfab-9186c1483edd;dragonforce;89
0000ee7dd906373efa37f4e1185bfe1e3f8695ae;6a31f35f-78b4-4a78-bcff-d6262d8ef2a3;nopsajalka;77
0000ee7dd906373efa37f4e1185bfe1e3f8695ae;44cf61b8-5197-448a-b82b-cef6ee89fac5;paramore;75
0000ee7dd906373efa37f4e1185bfe1e3f8695ae;81df2271-03a1-46a3-bb30-cce187235312;the darkness;73
0000ee7dd906373efa37f4e1185bfe1e3f8695ae;2580100e-2387-40f8-900a-5e65b88ac018;soul captain band;68
